,id,alternative_name,category,name,slug,websites,generation,platform_family,abbreviation
0,158,Commodore Dynamic Total Vision,6.0,Commodore CDTV,commodore-cdtv,[26],,,
1,339,Kids Computer Pico,1.0,Sega Pico,sega-pico,,4.0,3.0,
2,8,PS2,1.0,PlayStation 2,ps2,,6.0,1.0,PS2
3,39,,4.0,iOS,ios,,,,iOS
4,94,,6.0,Commodore Plus/4,c-plus-4,,,,C+4
5,144,,1.0,AY-3-8710,ay-3-8710,,,,
6,88,Magnavox Odyssey; Odysee; Odisea; Odissea,1.0,Odyssey,odyssey--1,[211],1.0,,odyssey
7,90,,6.0,Commodore PET,cpet,[216],,,cpet
8,237,,6.0,Sol-20,sol-20,[219],,,
9,6,mswin,4.0,PC (Microsoft Windows),win,[2],,,PC
10,44,,5.0,Tapwave Zodiac,zod,,,,zod
11,68,,1.0,ColecoVision,colecovision,,2.0,,colecovision
12,129,Texas Instruments TI-99/4A,6.0,Texas Instruments TI-99,ti-99,[218],,,ti-99
13,134,,6.0,Acorn Electron,acorn-electron,,,,
14,378,Super Boy,5.0,Gamate,gamate,"[290, 305]",4.0,,
15,135,,2.0,Hyper Neo Geo 64,hyper-neo-geo-64,,,,
16,156,,6.0,Thomson MO5,thomson-mo5,[24],,,
17,133,Magnavox Odyssey²,6.0,Odyssey 2 / Videopac G7000,odyssey-2-slash-videopac-g7000,,,,
18,163,,,SteamVR,steam-vr,[30],,,Steam VR
19,142,,1.0,PC-50X Family,pc-50x-family,,1.0,,
20,148,,1.0,AY-3-8607,ay-3-8607,,,,
21,146,,1.0,AY-3-8605,ay-3-8605,,,,
22,147,,1.0,AY-3-8606,ay-3-8606,,,,
23,149,,6.0,PC-98,pc-98,,,,
24,25,Colour Personal Computer,6.0,Amstrad CPC,acpc,,,,ACPC
25,381,,5.0,Playdate,playdate,[278],9.0,,
26,51,"Famicom Disk System, FDS",1.0,Family Computer Disk System,fds,,3.0,5.0,fds
27,123,WSC,5.0,WonderSwan Color,wonderswan-color,,5.0,,
28,136,NGCD,1.0,Neo Geo CD,neo-geo-cd,,4.0,,
29,35,GG,5.0,Sega Game Gear,gamegear,,4.0,3.0,Game Gear
30,62,,1.0,Atari Jaguar,jaguar,,5.0,,Jaguar
31,50,3DO,1.0,3DO Interactive Multiplayer,3do,,5.0,,3DO
32,89,,5.0,Microvision,microvision--1,,2.0,,microvision
33,128,,1.0,PC Engine SuperGrafx,supergrafx,[274],4.0,,supergrafx
34,150,TG-16CD/PCECD,6.0,Turbografx-16/PC Engine CD,turbografx-16-slash-pc-engine-cd,,,,
35,23,DC,1.0,Dreamcast,dc,[276],6.0,3.0,DC
36,65,,6.0,Atari 8-bit,atari8bit,,,,Atari8bit
37,70,,1.0,Vectrex,vectrex,,2.0,,vectrex
38,85,,6.0,Donner Model 30,donner30,,,,donner30
39,97,,6.0,PDP-8,pdp-8--1,,,,pdp-8
40,98,,,DEC GT40,gt40,,,,gt40
41,112,,,Microcomputer,microcomputer--1,,,,microcomputer
42,101,,6.0,Ferranti Nimrod Computer,nimrod,,,,nimrod
43,115,,6.0,Apple IIGS,apple-iigs,,,,
44,13,PC DOS,4.0,DOS,dos,,,,DOS
45,124,,5.0,SwanCrystal,swancrystal,,,,
46,127,,1.0,Fairchild Channel F,fairchild-channel-f,,2.0,,
47,125,,6.0,PC-8801,pc-8801,[217],,,
48,87,VB,1.0,Virtual Boy,virtualboy,,5.0,5.0,virtualboy
49,126,,6.0,TRS-80,trs-80,,,,
50,130,NX,1.0,Nintendo Switch,switch,[16],8.0,5.0,Switch
51,132,,3.0,Amazon Fire TV,amazon-fire-tv,,,,
52,138,,1.0,VC 4000,vc-4000,[18],2.0,,
53,139,,1.0,1292 Advanced Programmable Video System,1292-advanced-programmable-video-system,,2.0,,
54,155,,6.0,Tatung Einstein,tatung-einstein,[23],,,
55,159,,5.0,Nintendo DSi,nintendo-dsi,,7.0,5.0,
56,119,NGP,5.0,Neo Geo Pocket,neo-geo-pocket,,5.0,,
57,153,,6.0,Dragon 32/64,dragon-32-slash-64,[21],,,
58,154,,6.0,Amstrad PCW,amstrad-pcw,[22],,,
59,11,,1.0,Xbox,xbox,,6.0,2.0,XBOX
60,108,,6.0,PDP-11,pdp11,,,,pdp11
61,53,,6.0,MSX2,msx2,,,,MSX2
62,60,Atari 7800 ProSystem,1.0,Atari 7800,atari7800,,3.0,,Atari7800
63,78,Mega CD,1.0,Sega CD,segacd,,4.0,3.0,segacd
64,24,GBA,5.0,Game Boy Advance,gba,,6.0,5.0,GBA
65,30,,1.0,Sega 32X,sega32,,4.0,3.0,Sega32
66,140,,6.0,AY-3-8500,ay-3-8500,,,,
67,143,,1.0,AY-3-8760,ay-3-8760,,,,
68,145,,1.0,AY-3-8603,ay-3-8603,,,,
69,4,N64,1.0,Nintendo 64,n64,[35],5.0,5.0,N64
70,120,NGPC,5.0,Neo Geo Pocket Color,neo-geo-pocket-color,,5.0,,
71,41,,1.0,Wii U,wiiu,[10],8.0,5.0,WiiU
72,77,,6.0,Sharp X1,x1,,,,x1
73,82,Internet,3.0,Web browser,browser,,,,browser
74,109,,6.0,CDC Cyber 70,cdccyber70,,,,cdccyber70
75,113,,3.0,OnLive Game System,onlive-game-system,[15],,,
76,116,,6.0,Acorn Archimedes,acorn-archimedes,[214],,,
77,114,,1.0,Amiga CD32,amiga-cd32,,5.0,,
78,117,,1.0,Philips CD-i,philips-cd-i,,,,
79,121,,6.0,Sharp X68000,sharp-x68000,,,,
80,122,,1.0,Nuon,nuon,[172],,,
81,18,NES,1.0,Nintendo Entertainment System,nes,,3.0,5.0,NES
82,141,,6.0,AY-3-8610,ay-3-8610,,,,
83,37,3DS,5.0,Nintendo 3DS,3ds,[9],8.0,5.0,3DS
84,22,GBC,5.0,Game Boy Color,gbc,,5.0,5.0,GBC
85,64,"SMS, Mark III",1.0,Sega Master System/Mark III,sms,,3.0,3.0,SMS
86,16,,6.0,Amiga,amiga,,,,Amiga
87,38,PSP,5.0,PlayStation Portable,psp,,7.0,1.0,PSP
88,86,,1.0,TurboGrafx-16/PC Engine,turbografx16--1,,4.0,,turbografx16
89,162,,,Oculus VR,oculus-vr,"[29, 287]",,,Oculus VR
90,308,,1.0,Playdia,playdia,[208],5.0,,
91,9,PS3,1.0,PlayStation 3,ps3,[3],7.0,1.0,PS3
92,14,Mac OS,4.0,Mac,mac,[5],,,Mac
93,306,,1.0,Satellaview,satellaview,"[205, 289]",4.0,5.0,
94,32,"JVC Saturn, Hi-Saturn, Samsung Saturn, V-Saturn",1.0,Sega Saturn,saturn,[6],5.0,3.0,Saturn
95,34,Infocusa3,4.0,Android,android,[7],,,Android
96,15,C64/C128/MAX,6.0,Commodore C64/128/MAX,c64,,,,C64
97,66,Atari 5200 SuperSystem,1.0,Atari 5200,atari5200,,2.0,,Atari5200
98,67,,1.0,Intellivision,intellivision,,2.0,,intellivision
99,73,,4.0,BlackBerry OS,blackberry,,,,blackberry
100,307,"Tricotronic, GW, G&W",5.0,Game & Watch,game-and-watch,[206],2.0,5.0,
101,111,,,Imlac PDS-1,imlac-pds1,,,,imlac-pds1
102,118,,6.0,FM Towns,fm-towns,,,,
103,131,Nintendo Super Disc,1.0,Nintendo PlayStation,nintendo-playstation,[210],4.0,5.0,
104,157,,6.0,NEC PC-6000 Series,nec-pc-6000-series,[25],,,
105,152,Fujitsu Micro 7,6.0,FM-7,fm-7,[20],,,
106,20,NDS,5.0,Nintendo DS,nds,,7.0,5.0,NDS
107,63,,6.0,Atari ST/STE,atari-st,,,,Atari-ST
108,46,PS Vita,5.0,PlayStation Vita,psvita,[34],8.0,1.0,Vita
109,48,PS4,1.0,PlayStation 4,ps4--1,[11],8.0,1.0,PS4
110,61,,5.0,Atari Lynx,lynx,,4.0,,Lynx
111,93,C16,6.0,Commodore 16,c16,[213],,,C16
112,21,GCN,1.0,Nintendo GameCube,ngc,[292],6.0,5.0,NGC
113,42,NGage,5.0,N-Gage,ngage,,6.0,,NGage
114,19,"SNES, Super Nintendo",1.0,Super Nintendo Entertainment System,snes,[209],4.0,5.0,SNES
115,374,,6.0,Sharp MZ-2200,sharp-mz-2200,,,,
116,58,SFC,1.0,Super Famicom,sfam,,4.0,5.0,SFAM
117,375,,1.0,Epoch Cassette Vision,epoch-cassette-vision,[272],2.0,,
118,388,Samsung Gear VR,1.0,Gear VR,gear-vr,[286],,,
119,96,,6.0,PDP-10,pdp10,,,,pdp10
120,52,,,Arcade,arcade,,,,Arcade
121,137,n3DS,5.0,New Nintendo 3DS,new-nintendo-3ds,[17],8.0,5.0,
122,377,TV Game,3.0,Plug & Play,plug-and-play,[277],,,
123,57,WS,5.0,WonderSwan,wonderswan,,5.0,,WonderSwan
124,71,,6.0,Commodore VIC-20,vic-20,,,,vic-20
125,75,apple ][,6.0,Apple II,appleii,,,,Apple][
126,74,WP,4.0,Windows Phone,winphone,,,,Win Phone
127,80,AES,1.0,Neo Geo AES,neogeoaes,,4.0,,neogeoaes
128,84,Sega Game 1000,1.0,SG-1000,sg1000,,3.0,3.0,sg1000
129,161,WMR,,Windows Mixed Reality,windows-mixed-reality,[28],,,
130,79,Neo Geo Multi Video System,2.0,Neo Geo MVS,neogeomvs,,,,neogeomvs
131,33,GB,5.0,Game Boy,gb,,4.0,5.0,Game Boy
132,376,YENO Super Cassette Vision,1.0,Epoch Super Cassette Vision,epoch-super-cassette-vision,[273],3.0,,
133,5,Revolution,1.0,Wii,wii,[275],7.0,5.0,Wii
134,382,,1.0,Intellivision Amico,intellivision-amico,[279],,,
135,170,Stadia,3.0,Google Stadia,stadia,"[37, 280]",,,Stadia
136,167,PS5,1.0,PlayStation 5,ps5,[281],9.0,1.0,PS5
137,387,Go,1.0,Oculus Go,oculus-go,[285],,,
138,385,Rift,1.0,Oculus Rift,oculus-rift,[283],,,
139,91,Bally Arcade,1.0,Bally Astrocade,astrocade,,2.0,,astrocade
140,384,Quest,1.0,Oculus Quest,oculus-quest,"[282, 288]",,,
141,69,BBC Micro,6.0,BBC Microcomputer System,bbcmicro,,,,bbcmicro
142,55,Legacy Cellphone,5.0,Legacy Mobile Device,mobile,[293],,,Mobile
143,379,Tiger Game.com,5.0,Game.com,game-dot-com,[309],5.0,,
144,3,GNU/Linux,4.0,Linux,linux,[1],,4.0,Linux
145,72,,1.0,Ouya,ouya,[13],8.0,,Ouya
146,95,Programmed Data Processor-1,6.0,PDP-1,pdp1,[212],,,pdp1
147,151,Tandy Color Computer,6.0,TRS-80 Color Computer,trs-80-color-computer,[19],,,
148,100,,,Analogue electronics,analogueelectronics,,,,analogueelectronics
149,166,,5.0,Pokémon mini,pokemon-mini,[33],,5.0,
150,102,Electronic Delay Storage Automatic Calculator,6.0,EDSAC,edsac--1,,,,edsac
151,104,,6.0,HP 2100,hp2100,,,,hp2100
152,236,,6.0,Exidy Sorcerer,exidy-sorcerer,[215],,,
153,103,,,PDP-7,pdp-7--1,,,,pdp-7
154,238,Digital Versatile Disc Player,1.0,DVD Player,dvd-player,[104],,,
155,105,,6.0,HP 3000,hp3000,,,,hp3000
156,106,,6.0,SDS Sigma 7,sdssigma7,,,,sdssigma7
157,164,,,Daydream,daydream,[31],,,
158,107,,6.0,Call-A-Computer time-shared mainframe computer system,call-a-computer,,,,call-a-computer
159,240,,1.0,Zeebo,zeebo,[106],7.0,,
160,110,Programmed Logic for Automatic Teaching Operations,6.0,PLATO,plato--1,,,,plato
161,239,,1.0,Blu-ray Player,blu-ray-player,[103],,,
162,26,,6.0,ZX Spectrum,zxs,,,,ZXS
163,274,,1.0,PC-FX,pc-fx,[139],5.0,,
164,27,,6.0,MSX,msx,,,,MSX
165,309,,5.0,Evercade,evercade,[207],8.0,,
166,372,,3.0,OOParts,ooparts,[271],,,
167,373,ZX81,6.0,Sinclair ZX81,sinclair-zx81,,,,
168,203,,,DUPLICATE Stadia,duplicate-stadia,[70],,,
169,380,Loopy,1.0,Casio Loopy,casio-loopy,,,,
170,169,XSX,1.0,Xbox Series X|S,series-x,"[36, 105, 238]",9.0,2.0,Series X
171,59,Atari VCS,1.0,Atari 2600,atari2600,,2.0,,Atari2600
172,12,X360,1.0,Xbox 360,xbox360,[4],7.0,2.0,X360
173,49,XONE,1.0,Xbox One,xboxone,[12],8.0,2.0,XONE
174,7,"PSX, PSOne, PS",1.0,PlayStation,ps,,5.0,1.0,PS1
175,99,Famicom,1.0,Family Computer,famicom,,3.0,5.0,famicom
176,389,,3.0,AirConsole,airconsole,[291],,,
177,405,Pocket PC,4.0,Windows Mobile,windows-mobile,[304],,,
178,409,,6.0,Legacy Computer,legacy-computer,,,,
179,406,Sinclair Quantum Leap,6.0,Sinclair QL,sinclair-ql,[308],,,
180,411,Handheld LCD Game,5.0,Handheld Electronic LCD,handheld-electronic-lcd,,,,
181,413,,5.0,Leapster Explorer/LeadPad Explorer,leapster-explorer-slash-leadpad-explorer,[312],7.0,,
182,416,64DD,1.0,Nintendo 64DD,nintendo-64dd,[315],5.0,5.0,
183,407,,1.0,HyperScan,hyperscan,[306],7.0,,
184,417,Garnet OS,4.0,Palm OS,palm-os,[316],,,
185,408,WG-108,5.0,Mega Duck/Cougar Boy,mega-duck-slash-cougar-boy,[307],4.0,,
186,410,Jag CD,1.0,Atari Jaguar CD,atari-jaguar-cd,[310],5.0,,
187,415,,5.0,Watara/QuickShot Supervision,watara-slash-quickshot-supervision,[314],4.0,,
188,414,LeapTV VCD,1.0,LeapTV,leaptv,[313],8.0,,
189,412,Leapster Learning Game System,5.0,Leapster,leapster,[311],6.0,,
190,438,,5.0,Arduboy,arduboy,[337],8.0,,
191,439,V.SMILE TV LEARNING SYSTEM,1.0,V.Smile,vsmile,[338],6.0,,
192,440,VMU / VMS,5.0,Visual Memory Unit / Visual Memory System,visual-memory-unit-slash-visual-memory-system,[339],6.0,3.0,
193,441,,5.0,PocketStation,pocketstation,[340],5.0,1.0,
194,29,Sega Genesis,1.0,Sega Mega Drive/Genesis,genesis-slash-megadrive,,4.0,3.0,Genesis/MegaDrive
195,386,Quest 2,1.0,Meta Quest 2,meta-quest-2,"[284, 341]",,,Meta Quest 2
196,390,PSVR2,1.0,PlayStation VR2,psvr2,[342],9.0,1.0,PSVR2
197,165,PSVR,1.0,PlayStation VR,playstation-vr,[32],8.0,1.0,PlayStation VR
198,47,,3.0,Virtual Console,vc,,,5.0,VC
199,471,,1.0,Meta Quest 3,meta-quest-3,[370],9.0,,
