,name,value
0,Three,1
1,Seven,2
2,Twelve,3
3,Sixteen,4
4,Eighteen,5
5,RP,6
6,EC,7
7,E,8
8,E10,9
9,T,10
10,M,11
11,AO,12
12,CERO_A,13
13,CERO_B,14
14,CERO_C,15
15,CERO_D,16
16,CERO_Z,17
17,USK_0,18
18,USK_6,19
19,USK_12,20
20,USK_16,21
21,USK_18,22
22,GRAC_ALL,23
23,GRAC_Twelve,24
24,GRAC_Fifteen,25
25,GRAC_Eighteen,26
26,GRAC_TESTING,27
27,CLASS_IND_L,28
28,CLASS_IND_Ten,29
29,CLASS_IND_Twelve,30
30,CLASS_IND_Fourteen,31
31,CLASS_IND_Sixteen,32
32,CLASS_IND_Eighteen,33
33,ACB_G,34
34,ACB_PG,35
35,ACB_M,36
36,ACB_MA15,37
37,ACB_R18,38
38,ACB_RC,39
