platform,id_platform_igdb
2600,59
3DO,50
3DS,37
DC,23
DS,20
GB,33
GBA,24
GC,21
GEN,29
GG,35
N64,4
NES,18
NG,136
PC,6
PCFX,274
PS,7
PS2,8
PS3,9
PS4,48
PSP,38
PSV,46
SAT,32
SCD,78
SNES,19
TG16,150
WS,57
Wii,5
WiiU,41
X360,12
XB,11
XOne,49
5200,66
7800,60
ACPC,25
AJ,62
AST,63
Aco,116
All,
Amig,16
And,34
ApII,75
Arc,52
BBCM,69
BRW,82
C128,15
C64,C64
CD32,114
CDi,117
CV,68
DSi,159
DSiW,159
FMT,118
GIZ,
Int,67
Linux,3
Lynx,61
MS,64
MSD,13
MSX,27
Mob,55
NGage,42
NS,130
OR,385
OSX,14
Ouya,72
PCE,86
PS5,167
PSN,
PSV,
S32X,30
Series,
VB,87
VC,47
WW,47
WinP,74
XBL,12
XS,169
ZXS,26
iOS,39
iQue,
