,id,created_at,name,slug,updated_at,url,checksum
0,6,1588809600,Battle Royale,battle-royale,1588809600,https://www.igdb.com/game_modes/battle-royale,bfc388ac-0502-ba05-af25-3dcc94a0acf3
1,5,1298937600,Massively Multiplayer Online (MMO),massively-multiplayer-online-mmo,1323216000,https://www.igdb.com/game_modes/massively-multiplayer-online-mmo,307d1126-6e3b-9215-06f1-10c8ecce05b4
2,4,1298937600,Split screen,split-screen,1323216000,https://www.igdb.com/game_modes/split-screen,98247b75-6f46-7c77-521f-0945c684d842
3,3,1298937600,Co-operative,co-operative,1323216000,https://www.igdb.com/game_modes/co-operative,e8329d55-33e6-f7ae-ae09-2848cb7ccc90
4,2,1298937600,Multiplayer,multiplayer,1323216000,https://www.igdb.com/game_modes/multiplayer,288b548c-11e4-d910-f037-21d4e6a33b38
5,1,1298937600,Single player,single-player,1323216000,https://www.igdb.com/game_modes/single-player,a43b1688-f968-3541-0897-9735ffde1745
